ÎÄ¼þÂ·¾¶,É¨Ãè½á¹û,É¨ÃèÊ±¼ä
../test_data/test_data\aitest\1.jsp,Î´¼ì²âµ½²¡¶¾,2025-04-15 15:43:11
../test_data/test_data\aitest\2.aspx,Î´¼ì²âµ½²¡¶¾,2025-04-15 15:43:11
../test_data/test_data\aitest\3.aspx,Î´¼ì²âµ½²¡¶¾,2025-04-15 15:43:11
../test_data/test_data\aitest\4.aspx,Î´¼ì²âµ½²¡¶¾,2025-04-15 15:43:11
../test_data/test_data\aitest\5.php,Î´¼ì²âµ½²¡¶¾,2025-04-15 15:43:11
../test_data/test_data\aitest\6.php,Î´¼ì²âµ½²¡¶¾,2025-04-15 15:43:11
../test_data/test_data\aitest\7.php,Î´¼ì²âµ½²¡¶¾,2025-04-15 15:43:11
../test_data/test_data\aitest\8.jsp,Î´¼ì²âµ½²¡¶¾,2025-04-15 15:43:11
../test_data/test_data\aitest\9.jsp,Î´¼ì²âµ½²¡¶¾,2025-04-15 15:43:11
../test_data/test_data\aspx\w1_cmd_1.aspx,Î´¼ì²âµ½²¡¶¾,2025-04-15 15:43:11
../test_data/test_data\aspx\w1_cmd_2.ashx,Î´¼ì²âµ½²¡¶¾,2025-04-15 15:43:11
../test_data/test_data\aspx\w1_cmd_3.aspx,Î´¼ì²âµ½²¡¶¾,2025-04-15 15:43:11
../test_data/test_data\aspx\w1_cmd_5.aspx,Î´¼ì²âµ½²¡¶¾,2025-04-15 15:43:11
../test_data/test_data\aspx\w1_cmd_6.aspx,Î´¼ì²âµ½²¡¶¾,2025-04-15 15:43:11
../test_data/test_data\aspx\w1_cmd_7.aspx,Î´¼ì²âµ½²¡¶¾,2025-04-15 15:43:11
../test_data/test_data\aspx\w1_cmd_8.aspx,Î´¼ì²âµ½²¡¶¾,2025-04-15 15:43:11
../test_data/test_data\aspx\w1_cmd_9.aspx,Î´¼ì²âµ½²¡¶¾,2025-04-15 15:43:11
../test_data/test_data\aspx\w1_dama_1.aspx,Î´¼ì²âµ½²¡¶¾,2025-04-15 15:43:11
../test_data/test_data\aspx\w1_dama_2.aspx,Î´¼ì²âµ½²¡¶¾,2025-04-15 15:43:11
../test_data/test_data\aspx\w1_dama_3.aspx,Î´¼ì²âµ½²¡¶¾,2025-04-15 15:43:11
../test_data/test_data\aspx\w1_dama_4.aspx,Î´¼ì²âµ½²¡¶¾,2025-04-15 15:43:11
../test_data/test_data\aspx\w2_cmd_1.aspx,Î´¼ì²âµ½²¡¶¾,2025-04-15 15:43:11
../test_data/test_data\aspx\w2_cmd_11.aspx,Î´¼ì²âµ½²¡¶¾,2025-04-15 15:43:11
../test_data/test_data\aspx\w2_cmd_12.aspx,Î´¼ì²âµ½²¡¶¾,2025-04-15 15:43:11
../test_data/test_data\aspx\w2_cmd_13.aspx,Î´¼ì²âµ½²¡¶¾,2025-04-15 15:43:11
../test_data/test_data\aspx\w2_cmd_14.aspx,Î´¼ì²âµ½²¡¶¾,2025-04-15 15:43:11
../test_data/test_data\aspx\w2_cmd_15.aspx,Î´¼ì²âµ½²¡¶¾,2025-04-15 15:43:11
../test_data/test_data\aspx\w2_cmd_16.aspx,Î´¼ì²âµ½²¡¶¾,2025-04-15 15:43:11
../test_data/test_data\aspx\w2_cmd_17.aspx,Î´¼ì²âµ½²¡¶¾,2025-04-15 15:43:11
../test_data/test_data\aspx\w2_cmd_18.aspx,Î´¼ì²âµ½²¡¶¾,2025-04-15 15:43:11
../test_data/test_data\aspx\w2_cmd_19.aspx,Î´¼ì²âµ½²¡¶¾,2025-04-15 15:43:11
../test_data/test_data\aspx\w2_cmd_2.aspx,Î´¼ì²âµ½²¡¶¾,2025-04-15 15:43:11
../test_data/test_data\aspx\w2_cmd_20.aspx,Î´¼ì²âµ½²¡¶¾,2025-04-15 15:43:11
../test_data/test_data\aspx\w2_cmd_21.aspx,Î´¼ì²âµ½²¡¶¾,2025-04-15 15:43:11
../test_data/test_data\aspx\w2_cmd_22.aspx,Î´¼ì²âµ½²¡¶¾,2025-04-15 15:43:11
../test_data/test_data\aspx\w2_cmd_3.aspx,Î´¼ì²âµ½²¡¶¾,2025-04-15 15:43:11
../test_data/test_data\aspx\w2_cmd_4.aspx,Î´¼ì²âµ½²¡¶¾,2025-04-15 15:43:11
../test_data/test_data\aspx\w2_cmd_5.aspx,Î´¼ì²âµ½²¡¶¾,2025-04-15 15:43:11
../test_data/test_data\aspx\w2_cmd_6.aspx,Î´¼ì²âµ½²¡¶¾,2025-04-15 15:43:11
../test_data/test_data\aspx\w2_cmd_7.aspx,Î´¼ì²âµ½²¡¶¾,2025-04-15 15:43:11
../test_data/test_data\aspx\w2_cmd_8.aspx,Î´¼ì²âµ½²¡¶¾,2025-04-15 15:43:11
../test_data/test_data\aspx\w2_cmd_9.aspx,Î´¼ì²âµ½²¡¶¾,2025-04-15 15:43:11
../test_data/test_data\aspx\w2_dama_1.aspx,Î´¼ì²âµ½²¡¶¾,2025-04-15 15:43:11
../test_data/test_data\aspx\w2_dama_10.aspx,Î´¼ì²âµ½²¡¶¾,2025-04-15 15:43:11
../test_data/test_data\aspx\w2_dama_11.aspx,Î´¼ì²âµ½²¡¶¾,2025-04-15 15:43:11
../test_data/test_data\aspx\w2_dama_12.aspx,Î´¼ì²âµ½²¡¶¾,2025-04-15 15:43:11
../test_data/test_data\aspx\w2_dama_2.aspx,Î´¼ì²âµ½²¡¶¾,2025-04-15 15:43:11
../test_data/test_data\aspx\w2_dama_3.aspx,Î´¼ì²âµ½²¡¶¾,2025-04-15 15:43:11
../test_data/test_data\aspx\w2_dama_4.aspx,Î´¼ì²âµ½²¡¶¾,2025-04-15 15:43:11
../test_data/test_data\aspx\w2_dama_5.aspx,Î´¼ì²âµ½²¡¶¾,2025-04-15 15:43:11
../test_data/test_data\aspx\w2_dama_6.aspx,Î´¼ì²âµ½²¡¶¾,2025-04-15 15:43:11
../test_data/test_data\aspx\w2_dama_7.aspx,Î´¼ì²âµ½²¡¶¾,2025-04-15 15:43:11
../test_data/test_data\aspx\w2_dama_8.aspx,Î´¼ì²âµ½²¡¶¾,2025-04-15 15:43:11
../test_data/test_data\aspx\w2_dama_9.aspx,Î´¼ì²âµ½²¡¶¾,2025-04-15 15:43:11
../test_data/test_data\aspx\w2_db_1.aspx,Î´¼ì²âµ½²¡¶¾,2025-04-15 15:43:11
../test_data/test_data\aspx\w2_db_2.aspx,Î´¼ì²âµ½²¡¶¾,2025-04-15 15:43:11
../test_data/test_data\aspx\w2_db_3.aspx,Î´¼ì²âµ½²¡¶¾,2025-04-15 15:43:11
../test_data/test_data\aspx\w2_db_4.aspx,Î´¼ì²âµ½²¡¶¾,2025-04-15 15:43:11
../test_data/test_data\aspx\w2_db_5.aspx,Î´¼ì²âµ½²¡¶¾,2025-04-15 15:43:11
../test_data/test_data\aspx\w2_sniff_1.aspx,Î´¼ì²âµ½²¡¶¾,2025-04-15 15:43:11
../test_data/test_data\aspx\w2_sniff_2.aspx,Î´¼ì²âµ½²¡¶¾,2025-04-15 15:43:11
../test_data/test_data\aspx\w2_upload_1.aspx,Î´¼ì²âµ½²¡¶¾,2025-04-15 15:43:11
../test_data/test_data\aspx\w2_upload_2.aspx,Î´¼ì²âµ½²¡¶¾,2025-04-15 15:43:11
../test_data/test_data\aspx\w2_upload_3.ashx,Î´¼ì²âµ½²¡¶¾,2025-04-15 15:43:11
../test_data/test_data\aspx\w2_upload_4.aspx,Î´¼ì²âµ½²¡¶¾,2025-04-15 15:43:11
../test_data/test_data\aspx\w2_upload_5.aspx,Î´¼ì²âµ½²¡¶¾,2025-04-15 15:43:11
../test_data/test_data\aspx\w2_upload_6.aspx,Î´¼ì²âµ½²¡¶¾,2025-04-15 15:43:11
../test_data/test_data\jsp\w1_caidao_1.jsp,Î´¼ì²âµ½²¡¶¾,2025-04-15 15:43:11
../test_data/test_data\jsp\w1_caidao_1.jspx,Î´¼ì²âµ½²¡¶¾,2025-04-15 15:43:11
../test_data/test_data\jsp\w1_caidao_2.jsp,Î´¼ì²âµ½²¡¶¾,2025-04-15 15:43:11
../test_data/test_data\jsp\w1_caidao_2.jspx,Î´¼ì²âµ½²¡¶¾,2025-04-15 15:43:11
../test_data/test_data\jsp\w1_caidao_3.jsp,Î´¼ì²âµ½²¡¶¾,2025-04-15 15:43:11
../test_data/test_data\jsp\w1_caidao_4.jsp,Î´¼ì²âµ½²¡¶¾,2025-04-15 15:43:11
../test_data/test_data\jsp\w1_caidao_5.jsp,Î´¼ì²âµ½²¡¶¾,2025-04-15 15:43:11
../test_data/test_data\jsp\w1_cmd_1.jsp,Î´¼ì²âµ½²¡¶¾,2025-04-15 15:43:11
../test_data/test_data\jsp\w1_cmd_1.jspx,Î´¼ì²âµ½²¡¶¾,2025-04-15 15:43:11
../test_data/test_data\jsp\w1_cmd_10.jsp,Î´¼ì²âµ½²¡¶¾,2025-04-15 15:43:11
../test_data/test_data\jsp\w1_cmd_11.jsp,Î´¼ì²âµ½²¡¶¾,2025-04-15 15:43:11
../test_data/test_data\jsp\w1_cmd_12.jsp,Î´¼ì²âµ½²¡¶¾,2025-04-15 15:43:11
../test_data/test_data\jsp\w1_cmd_2.jsp,Î´¼ì²âµ½²¡¶¾,2025-04-15 15:43:11
../test_data/test_data\jsp\w1_cmd_2.jspx,Î´¼ì²âµ½²¡¶¾,2025-04-15 15:43:11
../test_data/test_data\jsp\w1_cmd_3.jsp,Î´¼ì²âµ½²¡¶¾,2025-04-15 15:43:11
../test_data/test_data\jsp\w1_cmd_3.jspx,Î´¼ì²âµ½²¡¶¾,2025-04-15 15:43:11
../test_data/test_data\jsp\w1_cmd_4.jsp,Î´¼ì²âµ½²¡¶¾,2025-04-15 15:43:11
../test_data/test_data\jsp\w1_cmd_4.jspx,Î´¼ì²âµ½²¡¶¾,2025-04-15 15:43:11
../test_data/test_data\jsp\w1_cmd_5.jsp,Î´¼ì²âµ½²¡¶¾,2025-04-15 15:43:11
../test_data/test_data\jsp\w1_cmd_5.jspx,Î´¼ì²âµ½²¡¶¾,2025-04-15 15:43:11
../test_data/test_data\jsp\w1_cmd_6.jsp,Î´¼ì²âµ½²¡¶¾,2025-04-15 15:43:11
../test_data/test_data\jsp\w1_cmd_6.jspx,Î´¼ì²âµ½²¡¶¾,2025-04-15 15:43:11
../test_data/test_data\jsp\w1_cmd_7.jsp,Î´¼ì²âµ½²¡¶¾,2025-04-15 15:43:11
../test_data/test_data\jsp\w1_cmd_7.jspx,Î´¼ì²âµ½²¡¶¾,2025-04-15 15:43:11
../test_data/test_data\jsp\w1_cmd_8.jsp,Î´¼ì²âµ½²¡¶¾,2025-04-15 15:43:11
../test_data/test_data\jsp\w1_cmd_8.jspx,Î´¼ì²âµ½²¡¶¾,2025-04-15 15:43:11
../test_data/test_data\jsp\w1_cmd_9.jsp,Î´¼ì²âµ½²¡¶¾,2025-04-15 15:43:11
../test_data/test_data\jsp\w1_dama_1.jsp,Î´¼ì²âµ½²¡¶¾,2025-04-15 15:43:11
../test_data/test_data\jsp\w1_dama_1.jspx,Î´¼ì²âµ½²¡¶¾,2025-04-15 15:43:11
../test_data/test_data\jsp\w1_dama_10.jsp,Î´¼ì²âµ½²¡¶¾,2025-04-15 15:43:11
../test_data/test_data\jsp\w1_dama_11.jsp,Î´¼ì²âµ½²¡¶¾,2025-04-15 15:43:11
../test_data/test_data\jsp\w1_dama_12.jsp,Î´¼ì²âµ½²¡¶¾,2025-04-15 15:43:11
../test_data/test_data\jsp\w1_dama_13.jsp,Î´¼ì²âµ½²¡¶¾,2025-04-15 15:43:11
../test_data/test_data\jsp\w1_dama_2.jsp,Î´¼ì²âµ½²¡¶¾,2025-04-15 15:43:11
../test_data/test_data\jsp\w1_dama_3.jsp,Î´¼ì²âµ½²¡¶¾,2025-04-15 15:43:11
../test_data/test_data\jsp\w1_dama_4.jsp,Î´¼ì²âµ½²¡¶¾,2025-04-15 15:43:11
../test_data/test_data\jsp\w1_dama_5.jsp,Î´¼ì²âµ½²¡¶¾,2025-04-15 15:43:11
../test_data/test_data\jsp\w1_dama_6.jsp,Î´¼ì²âµ½²¡¶¾,2025-04-15 15:43:11
../test_data/test_data\jsp\w1_dama_7.jsp,Î´¼ì²âµ½²¡¶¾,2025-04-15 15:43:11
../test_data/test_data\jsp\w1_dama_8.jsp,Î´¼ì²âµ½²¡¶¾,2025-04-15 15:43:11
../test_data/test_data\jsp\w1_dama_9.jsp,Î´¼ì²âµ½²¡¶¾,2025-04-15 15:43:11
../test_data/test_data\jsp\w1_upload_1.jsp,Î´¼ì²âµ½²¡¶¾,2025-04-15 15:43:11
../test_data/test_data\jsp\w1_upload_10.jsp,Î´¼ì²âµ½²¡¶¾,2025-04-15 15:43:11
../test_data/test_data\jsp\w1_upload_11.jsp,Î´¼ì²âµ½²¡¶¾,2025-04-15 15:43:11
../test_data/test_data\jsp\w1_upload_12.jsp,Î´¼ì²âµ½²¡¶¾,2025-04-15 15:43:11
../test_data/test_data\jsp\w1_upload_13.jsp,Î´¼ì²âµ½²¡¶¾,2025-04-15 15:43:11
../test_data/test_data\jsp\w1_upload_2.jsp,Î´¼ì²âµ½²¡¶¾,2025-04-15 15:43:11
../test_data/test_data\jsp\w1_upload_3.jsp,Î´¼ì²âµ½²¡¶¾,2025-04-15 15:43:11
../test_data/test_data\jsp\w1_upload_4.jsp,Î´¼ì²âµ½²¡¶¾,2025-04-15 15:43:11
../test_data/test_data\jsp\w1_upload_5.jsp,Î´¼ì²âµ½²¡¶¾,2025-04-15 15:43:11
../test_data/test_data\jsp\w1_upload_6.jsp,Î´¼ì²âµ½²¡¶¾,2025-04-15 15:43:11
../test_data/test_data\jsp\w1_upload_7.jsp,Î´¼ì²âµ½²¡¶¾,2025-04-15 15:43:11
../test_data/test_data\jsp\w1_upload_8.jsp,Î´¼ì²âµ½²¡¶¾,2025-04-15 15:43:11
../test_data/test_data\jsp\w1_upload_9.jsp,Î´¼ì²âµ½²¡¶¾,2025-04-15 15:43:11
../test_data/test_data\jsp\w2_caidao_1.jsp,Î´¼ì²âµ½²¡¶¾,2025-04-15 15:43:11
../test_data/test_data\jsp\w2_caidao_1.jspx,Î´¼ì²âµ½²¡¶¾,2025-04-15 15:43:11
../test_data/test_data\jsp\w2_caidao_2.jsp,Î´¼ì²âµ½²¡¶¾,2025-04-15 15:43:11
../test_data/test_data\jsp\w2_caidao_2.jspx,Î´¼ì²âµ½²¡¶¾,2025-04-15 15:43:11
../test_data/test_data\jsp\w2_caidao_3.jsp,Î´¼ì²âµ½²¡¶¾,2025-04-15 15:43:11
../test_data/test_data\jsp\w2_caidao_3.jspx,Î´¼ì²âµ½²¡¶¾,2025-04-15 15:43:11
../test_data/test_data\jsp\w2_caidao_4.jsp,Î´¼ì²âµ½²¡¶¾,2025-04-15 15:43:11
../test_data/test_data\jsp\w2_cmd_1.jsp,Î´¼ì²âµ½²¡¶¾,2025-04-15 15:43:11
../test_data/test_data\jsp\w2_cmd_1.jspx,Î´¼ì²âµ½²¡¶¾,2025-04-15 15:43:11
../test_data/test_data\jsp\w2_cmd_10.jsp,Î´¼ì²âµ½²¡¶¾,2025-04-15 15:43:11
../test_data/test_data\jsp\w2_cmd_12.jsp,Î´¼ì²âµ½²¡¶¾,2025-04-15 15:43:11
../test_data/test_data\jsp\w2_cmd_13.jsp,Î´¼ì²âµ½²¡¶¾,2025-04-15 15:43:11
../test_data/test_data\jsp\w2_cmd_14.jsp,Î´¼ì²âµ½²¡¶¾,2025-04-15 15:43:11
../test_data/test_data\jsp\w2_cmd_2.jsp,Î´¼ì²âµ½²¡¶¾,2025-04-15 15:43:11
../test_data/test_data\jsp\w2_cmd_2.jspx,Î´¼ì²âµ½²¡¶¾,2025-04-15 15:43:11
../test_data/test_data\jsp\w2_cmd_3.jsp,Î´¼ì²âµ½²¡¶¾,2025-04-15 15:43:11
../test_data/test_data\jsp\w2_cmd_3.jspx,Î´¼ì²âµ½²¡¶¾,2025-04-15 15:43:11
../test_data/test_data\jsp\w2_cmd_4.jsp,Î´¼ì²âµ½²¡¶¾,2025-04-15 15:43:11
../test_data/test_data\jsp\w2_cmd_4.jspx,Î´¼ì²âµ½²¡¶¾,2025-04-15 15:43:11
../test_data/test_data\jsp\w2_cmd_5.jsp,Î´¼ì²âµ½²¡¶¾,2025-04-15 15:43:11
../test_data/test_data\jsp\w2_cmd_6.jsp,Î´¼ì²âµ½²¡¶¾,2025-04-15 15:43:11
../test_data/test_data\jsp\w2_cmd_7.jsp,Î´¼ì²âµ½²¡¶¾,2025-04-15 15:43:11
../test_data/test_data\jsp\w2_cmd_8.jsp,Î´¼ì²âµ½²¡¶¾,2025-04-15 15:43:11
../test_data/test_data\jsp\w2_cmd_9.jsp,Î´¼ì²âµ½²¡¶¾,2025-04-15 15:43:11
../test_data/test_data\jsp\w2_dama_1.jsp,Î´¼ì²âµ½²¡¶¾,2025-04-15 15:43:11
../test_data/test_data\jsp\w2_dama_1.jspx,Î´¼ì²âµ½²¡¶¾,2025-04-15 15:43:11
../test_data/test_data\jsp\w2_dama_10.jsp,Î´¼ì²âµ½²¡¶¾,2025-04-15 15:43:11
../test_data/test_data\jsp\w2_dama_11.jsp,Î´¼ì²âµ½²¡¶¾,2025-04-15 15:43:11
../test_data/test_data\jsp\w2_dama_12.jsp,Î´¼ì²âµ½²¡¶¾,2025-04-15 15:43:11
../test_data/test_data\jsp\w2_dama_13.jsp,Î´¼ì²âµ½²¡¶¾,2025-04-15 15:43:11
../test_data/test_data\jsp\w2_dama_14.jsp,Î´¼ì²âµ½²¡¶¾,2025-04-15 15:43:11
../test_data/test_data\jsp\w2_dama_2.jsp,Î´¼ì²âµ½²¡¶¾,2025-04-15 15:43:11
../test_data/test_data\jsp\w2_dama_2.jspx,Î´¼ì²âµ½²¡¶¾,2025-04-15 15:43:11
../test_data/test_data\jsp\w2_dama_3.jsp,Î´¼ì²âµ½²¡¶¾,2025-04-15 15:43:11
../test_data/test_data\jsp\w2_dama_4.jsp,Î´¼ì²âµ½²¡¶¾,2025-04-15 15:43:11
../test_data/test_data\jsp\w2_dama_5.jsp,Î´¼ì²âµ½²¡¶¾,2025-04-15 15:43:11
../test_data/test_data\jsp\w2_dama_6.jsp,Î´¼ì²âµ½²¡¶¾,2025-04-15 15:43:11
../test_data/test_data\jsp\w2_dama_7.jsp,Î´¼ì²âµ½²¡¶¾,2025-04-15 15:43:11
../test_data/test_data\jsp\w2_dama_8.jsp,Î´¼ì²âµ½²¡¶¾,2025-04-15 15:43:11
../test_data/test_data\jsp\w2_dama_9.jsp,Î´¼ì²âµ½²¡¶¾,2025-04-15 15:43:11
../test_data/test_data\jsp\w2_download_1.jsp,Î´¼ì²âµ½²¡¶¾,2025-04-15 15:43:11
../test_data/test_data\jsp\w2_download_2.jsp,Î´¼ì²âµ½²¡¶¾,2025-04-15 15:43:11
../test_data/test_data\jsp\w2_oracledb_1.jsp,Î´¼ì²âµ½²¡¶¾,2025-04-15 15:43:11
../test_data/test_data\jsp\w2_proxy_1.jsp,Î´¼ì²âµ½²¡¶¾,2025-04-15 15:43:11
../test_data/test_data\jsp\w2_proxy_2.jsp,Î´¼ì²âµ½²¡¶¾,2025-04-15 15:43:11
../test_data/test_data\jsp\w2_reversecmd_1.jsp,Î´¼ì²âµ½²¡¶¾,2025-04-15 15:43:11
../test_data/test_data\jsp\w2_reversecmd_2.jsp,Î´¼ì²âµ½²¡¶¾,2025-04-15 15:43:11
../test_data/test_data\jsp\w2_uploaddownload_2.jsp,Î´¼ì²âµ½²¡¶¾,2025-04-15 15:43:11
../test_data/test_data\jsp\w2_upload_1.jsp,Î´¼ì²âµ½²¡¶¾,2025-04-15 15:43:11
../test_data/test_data\jsp\w2_upload_1.jspx,Î´¼ì²âµ½²¡¶¾,2025-04-15 15:43:11
../test_data/test_data\jsp\w2_upload_10.jsp,Î´¼ì²âµ½²¡¶¾,2025-04-15 15:43:11
../test_data/test_data\jsp\w2_upload_11.jsp,Î´¼ì²âµ½²¡¶¾,2025-04-15 15:43:11
../test_data/test_data\jsp\w2_upload_12.jsp,Î´¼ì²âµ½²¡¶¾,2025-04-15 15:43:11
../test_data/test_data\jsp\w2_upload_2.jsp,Î´¼ì²âµ½²¡¶¾,2025-04-15 15:43:11
../test_data/test_data\jsp\w2_upload_3.jsp,Î´¼ì²âµ½²¡¶¾,2025-04-15 15:43:11
../test_data/test_data\jsp\w2_upload_4.jsp,Î´¼ì²âµ½²¡¶¾,2025-04-15 15:43:11
../test_data/test_data\jsp\w2_upload_5.jsp,Î´¼ì²âµ½²¡¶¾,2025-04-15 15:43:11
../test_data/test_data\jsp\w2_upload_6.jsp,Î´¼ì²âµ½²¡¶¾,2025-04-15 15:43:11
../test_data/test_data\jsp\w2_upload_7.jsp,Î´¼ì²âµ½²¡¶¾,2025-04-15 15:43:11
../test_data/test_data\jsp\w2_upload_8.jsp,Î´¼ì²âµ½²¡¶¾,2025-04-15 15:43:11
../test_data/test_data\jsp\w2_upload_9.jsp,Î´¼ì²âµ½²¡¶¾,2025-04-15 15:43:11
../test_data/test_data\php\new.phh,Î´¼ì²âµ½²¡¶¾,2025-04-15 15:43:11
../test_data/test_data\php\w1_cmd_1.php,Î´¼ì²âµ½²¡¶¾,2025-04-15 15:43:11
../test_data/test_data\php\w1_cmd_10.txt,Î´¼ì²âµ½²¡¶¾,2025-04-15 15:43:11
../test_data/test_data\php\w1_cmd_11.txt,Î´¼ì²âµ½²¡¶¾,2025-04-15 15:43:11
../test_data/test_data\php\w1_cmd_12.php,Î´¼ì²âµ½²¡¶¾,2025-04-15 15:43:11
../test_data/test_data\php\w1_cmd_13.php,Î´¼ì²âµ½²¡¶¾,2025-04-15 15:43:11
../test_data/test_data\php\w1_cmd_14.php,Î´¼ì²âµ½²¡¶¾,2025-04-15 15:43:11
../test_data/test_data\php\w1_cmd_15.php,Î´¼ì²âµ½²¡¶¾,2025-04-15 15:43:11
../test_data/test_data\php\w1_cmd_16.php,Î´¼ì²âµ½²¡¶¾,2025-04-15 15:43:11
../test_data/test_data\php\w1_cmd_17.php,Î´¼ì²âµ½²¡¶¾,2025-04-15 15:43:11
../test_data/test_data\php\w1_cmd_18.php,Î´¼ì²âµ½²¡¶¾,2025-04-15 15:43:11
../test_data/test_data\php\w1_cmd_19.php,Î´¼ì²âµ½²¡¶¾,2025-04-15 15:43:11
../test_data/test_data\php\w1_cmd_20.php,Î´¼ì²âµ½²¡¶¾,2025-04-15 15:43:11
../test_data/test_data\php\w1_cmd_21.php,Î´¼ì²âµ½²¡¶¾,2025-04-15 15:43:11
../test_data/test_data\php\w1_cmd_22.php,Î´¼ì²âµ½²¡¶¾,2025-04-15 15:43:11
../test_data/test_data\php\w1_cmd_23.php,Î´¼ì²âµ½²¡¶¾,2025-04-15 15:43:11
../test_data/test_data\php\w1_cmd_24.php,Î´¼ì²âµ½²¡¶¾,2025-04-15 15:43:11
../test_data/test_data\php\w1_cmd_25.php,Î´¼ì²âµ½²¡¶¾,2025-04-15 15:43:11
../test_data/test_data\php\w1_cmd_26.php,Î´¼ì²âµ½²¡¶¾,2025-04-15 15:43:11
../test_data/test_data\php\w1_cmd_27.php,Î´¼ì²âµ½²¡¶¾,2025-04-15 15:43:11
../test_data/test_data\php\w1_cmd_28.php,Î´¼ì²âµ½²¡¶¾,2025-04-15 15:43:11
../test_data/test_data\php\w1_cmd_29.php,Î´¼ì²âµ½²¡¶¾,2025-04-15 15:43:11
../test_data/test_data\php\w1_cmd_3.txt,Î´¼ì²âµ½²¡¶¾,2025-04-15 15:43:11
../test_data/test_data\php\w1_cmd_30.php,Î´¼ì²âµ½²¡¶¾,2025-04-15 15:43:11
../test_data/test_data\php\w1_cmd_31.php,Î´¼ì²âµ½²¡¶¾,2025-04-15 15:43:11
../test_data/test_data\php\w1_cmd_32.php,Î´¼ì²âµ½²¡¶¾,2025-04-15 15:43:11
../test_data/test_data\php\w1_cmd_33.php,Î´¼ì²âµ½²¡¶¾,2025-04-15 15:43:11
../test_data/test_data\php\w1_cmd_34.php,Î´¼ì²âµ½²¡¶¾,2025-04-15 15:43:11
../test_data/test_data\php\w1_cmd_35.php,Î´¼ì²âµ½²¡¶¾,2025-04-15 15:43:11
../test_data/test_data\php\w1_cmd_36.php,Î´¼ì²âµ½²¡¶¾,2025-04-15 15:43:11
../test_data/test_data\php\w1_cmd_37.php,Î´¼ì²âµ½²¡¶¾,2025-04-15 15:43:11
../test_data/test_data\php\w1_cmd_37.txt,Î´¼ì²âµ½²¡¶¾,2025-04-15 15:43:11
../test_data/test_data\php\w1_cmd_38.php,Î´¼ì²âµ½²¡¶¾,2025-04-15 15:43:11
../test_data/test_data\php\w1_cmd_38.txt,Î´¼ì²âµ½²¡¶¾,2025-04-15 15:43:11
../test_data/test_data\php\w1_cmd_39.txt,Î´¼ì²âµ½²¡¶¾,2025-04-15 15:43:11
../test_data/test_data\php\w1_cmd_4.txt,Î´¼ì²âµ½²¡¶¾,2025-04-15 15:43:11
../test_data/test_data\php\w1_cmd_40.txt,Î´¼ì²âµ½²¡¶¾,2025-04-15 15:43:11
../test_data/test_data\php\w1_cmd_41.txt,Î´¼ì²âµ½²¡¶¾,2025-04-15 15:43:11
../test_data/test_data\php\w1_cmd_42.php,Î´¼ì²âµ½²¡¶¾,2025-04-15 15:43:11
../test_data/test_data\php\w1_cmd_43.php,Î´¼ì²âµ½²¡¶¾,2025-04-15 15:43:11
../test_data/test_data\php\w1_cmd_44.php,Î´¼ì²âµ½²¡¶¾,2025-04-15 15:43:11
../test_data/test_data\php\w1_cmd_45.php,Î´¼ì²âµ½²¡¶¾,2025-04-15 15:43:11
../test_data/test_data\php\w1_cmd_46.php,Î´¼ì²âµ½²¡¶¾,2025-04-15 15:43:11
../test_data/test_data\php\w1_cmd_47.php,Î´¼ì²âµ½²¡¶¾,2025-04-15 15:43:11
../test_data/test_data\php\w1_cmd_48.php,Î´¼ì²âµ½²¡¶¾,2025-04-15 15:43:11
../test_data/test_data\php\w1_cmd_49.php,Î´¼ì²âµ½²¡¶¾,2025-04-15 15:43:11
../test_data/test_data\php\w1_cmd_5.txt,Î´¼ì²âµ½²¡¶¾,2025-04-15 15:43:11
../test_data/test_data\php\w1_cmd_50.php,Î´¼ì²âµ½²¡¶¾,2025-04-15 15:43:11
../test_data/test_data\php\w1_cmd_51.php,Î´¼ì²âµ½²¡¶¾,2025-04-15 15:43:11
../test_data/test_data\php\w1_cmd_52.txt,Î´¼ì²âµ½²¡¶¾,2025-04-15 15:43:11
../test_data/test_data\php\w1_cmd_53.txt,Î´¼ì²âµ½²¡¶¾,2025-04-15 15:43:11
../test_data/test_data\php\w1_cmd_54.php,Î´¼ì²âµ½²¡¶¾,2025-04-15 15:43:11
../test_data/test_data\php\w1_cmd_55.php,Î´¼ì²âµ½²¡¶¾,2025-04-15 15:43:11
../test_data/test_data\php\w1_cmd_56.php,Î´¼ì²âµ½²¡¶¾,2025-04-15 15:43:11
../test_data/test_data\php\w1_cmd_57.php,Î´¼ì²âµ½²¡¶¾,2025-04-15 15:43:11
../test_data/test_data\php\w1_cmd_58.php,Î´¼ì²âµ½²¡¶¾,2025-04-15 15:43:11
../test_data/test_data\php\w1_cmd_59.php,Î´¼ì²âµ½²¡¶¾,2025-04-15 15:43:11
../test_data/test_data\php\w1_cmd_6.txt,Î´¼ì²âµ½²¡¶¾,2025-04-15 15:43:11
../test_data/test_data\php\w1_cmd_60.php,Î´¼ì²âµ½²¡¶¾,2025-04-15 15:43:11
../test_data/test_data\php\w1_cmd_61.php,Î´¼ì²âµ½²¡¶¾,2025-04-15 15:43:11
../test_data/test_data\php\w1_cmd_62.php,Î´¼ì²âµ½²¡¶¾,2025-04-15 15:43:11
../test_data/test_data\php\w1_cmd_63.php,Î´¼ì²âµ½²¡¶¾,2025-04-15 15:43:11
../test_data/test_data\php\w1_cmd_64.php,Î´¼ì²âµ½²¡¶¾,2025-04-15 15:43:11
../test_data/test_data\php\w1_cmd_65.php,Î´¼ì²âµ½²¡¶¾,2025-04-15 15:43:11
../test_data/test_data\php\w1_cmd_66.php,Î´¼ì²âµ½²¡¶¾,2025-04-15 15:43:11
../test_data/test_data\php\w1_cmd_67.php,Î´¼ì²âµ½²¡¶¾,2025-04-15 15:43:11
../test_data/test_data\php\w1_cmd_68.php,Î´¼ì²âµ½²¡¶¾,2025-04-15 15:43:11
../test_data/test_data\php\w1_cmd_69.php,Î´¼ì²âµ½²¡¶¾,2025-04-15 15:43:11
../test_data/test_data\php\w1_cmd_7.txt,Î´¼ì²âµ½²¡¶¾,2025-04-15 15:43:11
../test_data/test_data\php\w1_cmd_70.php,Î´¼ì²âµ½²¡¶¾,2025-04-15 15:43:11
../test_data/test_data\php\w1_cmd_71.php,Î´¼ì²âµ½²¡¶¾,2025-04-15 15:43:11
../test_data/test_data\php\w1_cmd_72.php,Î´¼ì²âµ½²¡¶¾,2025-04-15 15:43:11
../test_data/test_data\php\w1_cmd_8.txt,Î´¼ì²âµ½²¡¶¾,2025-04-15 15:43:11
../test_data/test_data\php\w1_cmd_9.txt,Î´¼ì²âµ½²¡¶¾,2025-04-15 15:43:11
../test_data/test_data\php\w1_dama_1.php,Î´¼ì²âµ½²¡¶¾,2025-04-15 15:43:11
../test_data/test_data\php\w1_dama_10.txt,Î´¼ì²âµ½²¡¶¾,2025-04-15 15:43:11
../test_data/test_data\php\w1_dama_11.txt,Î´¼ì²âµ½²¡¶¾,2025-04-15 15:43:11
../test_data/test_data\php\w1_dama_12.txt,Î´¼ì²âµ½²¡¶¾,2025-04-15 15:43:11
../test_data/test_data\php\w1_dama_13.txt,Î´¼ì²âµ½²¡¶¾,2025-04-15 15:43:11
../test_data/test_data\php\w1_dama_14.txt,Î´¼ì²âµ½²¡¶¾,2025-04-15 15:43:11
../test_data/test_data\php\w1_dama_15.txt,Î´¼ì²âµ½²¡¶¾,2025-04-15 15:43:11
../test_data/test_data\php\w1_dama_16.txt,Î´¼ì²âµ½²¡¶¾,2025-04-15 15:43:11
../test_data/test_data\php\w1_dama_17.txt,Î´¼ì²âµ½²¡¶¾,2025-04-15 15:43:11
../test_data/test_data\php\w1_dama_18.txt,Î´¼ì²âµ½²¡¶¾,2025-04-15 15:43:11
../test_data/test_data\php\w1_dama_19.txt,Î´¼ì²âµ½²¡¶¾,2025-04-15 15:43:11
../test_data/test_data\php\w1_dama_2.php,Î´¼ì²âµ½²¡¶¾,2025-04-15 15:43:11
../test_data/test_data\php\w1_dama_20.txt,Î´¼ì²âµ½²¡¶¾,2025-04-15 15:43:11
../test_data/test_data\php\w1_dama_21.txt,Î´¼ì²âµ½²¡¶¾,2025-04-15 15:43:11
../test_data/test_data\php\w1_dama_22.txt,Î´¼ì²âµ½²¡¶¾,2025-04-15 15:43:11
../test_data/test_data\php\w1_dama_23.txt,Î´¼ì²âµ½²¡¶¾,2025-04-15 15:43:11
../test_data/test_data\php\w1_dama_24.txt,Î´¼ì²âµ½²¡¶¾,2025-04-15 15:43:11
../test_data/test_data\php\w1_dama_25.txt,Î´¼ì²âµ½²¡¶¾,2025-04-15 15:43:11
../test_data/test_data\php\w1_dama_26.txt,Î´¼ì²âµ½²¡¶¾,2025-04-15 15:43:11
../test_data/test_data\php\w1_dama_27.txt,Î´¼ì²âµ½²¡¶¾,2025-04-15 15:43:11
../test_data/test_data\php\w1_dama_28.txt,Î´¼ì²âµ½²¡¶¾,2025-04-15 15:43:11
../test_data/test_data\php\w1_dama_29.txt,Î´¼ì²âµ½²¡¶¾,2025-04-15 15:43:11
../test_data/test_data\php\w1_dama_3.php,Î´¼ì²âµ½²¡¶¾,2025-04-15 15:43:11
../test_data/test_data\php\w1_dama_30.txt,Î´¼ì²âµ½²¡¶¾,2025-04-15 15:43:11
../test_data/test_data\php\w1_dama_31.txt,Î´¼ì²âµ½²¡¶¾,2025-04-15 15:43:11
../test_data/test_data\php\w1_dama_32.txt,Î´¼ì²âµ½²¡¶¾,2025-04-15 15:43:11
../test_data/test_data\php\w1_dama_33.txt,Î´¼ì²âµ½²¡¶¾,2025-04-15 15:43:11
../test_data/test_data\php\w1_dama_34.txt,Î´¼ì²âµ½²¡¶¾,2025-04-15 15:43:11
../test_data/test_data\php\w1_dama_35.txt,Î´¼ì²âµ½²¡¶¾,2025-04-15 15:43:11
../test_data/test_data\php\w1_dama_36.txt,Î´¼ì²âµ½²¡¶¾,2025-04-15 15:43:11
../test_data/test_data\php\w1_dama_37.txt,Î´¼ì²âµ½²¡¶¾,2025-04-15 15:43:11
../test_data/test_data\php\w1_dama_38.txt,Î´¼ì²âµ½²¡¶¾,2025-04-15 15:43:11
../test_data/test_data\php\w1_dama_39.txt,Î´¼ì²âµ½²¡¶¾,2025-04-15 15:43:11
../test_data/test_data\php\w1_dama_4.php,Î´¼ì²âµ½²¡¶¾,2025-04-15 15:43:11
../test_data/test_data\php\w1_dama_41.txt,Î´¼ì²âµ½²¡¶¾,2025-04-15 15:43:11
../test_data/test_data\php\w1_dama_42.txt,Î´¼ì²âµ½²¡¶¾,2025-04-15 15:43:11
../test_data/test_data\php\w1_dama_43.txt,Î´¼ì²âµ½²¡¶¾,2025-04-15 15:43:11
../test_data/test_data\php\w1_dama_44.txt,Î´¼ì²âµ½²¡¶¾,2025-04-15 15:43:11
../test_data/test_data\php\w1_dama_45.txt,Î´¼ì²âµ½²¡¶¾,2025-04-15 15:43:11
../test_data/test_data\php\w1_dama_46.txt,Î´¼ì²âµ½²¡¶¾,2025-04-15 15:43:11
../test_data/test_data\php\w1_dama_47.php,Î´¼ì²âµ½²¡¶¾,2025-04-15 15:43:11
../test_data/test_data\php\w1_dama_48.php,Î´¼ì²âµ½²¡¶¾,2025-04-15 15:43:11
../test_data/test_data\php\w1_dama_49.php,Î´¼ì²âµ½²¡¶¾,2025-04-15 15:43:11
../test_data/test_data\php\w1_dama_5.txt,Î´¼ì²âµ½²¡¶¾,2025-04-15 15:43:11
../test_data/test_data\php\w1_dama_50.php,Î´¼ì²âµ½²¡¶¾,2025-04-15 15:43:12
../test_data/test_data\php\w1_dama_51.php,Î´¼ì²âµ½²¡¶¾,2025-04-15 15:43:12
../test_data/test_data\php\w1_dama_52.php,Î´¼ì²âµ½²¡¶¾,2025-04-15 15:43:12
../test_data/test_data\php\w1_dama_53.php,Î´¼ì²âµ½²¡¶¾,2025-04-15 15:43:12
../test_data/test_data\php\w1_dama_54.php,Î´¼ì²âµ½²¡¶¾,2025-04-15 15:43:12
../test_data/test_data\php\w1_dama_55.php,Î´¼ì²âµ½²¡¶¾,2025-04-15 15:43:12
../test_data/test_data\php\w1_dama_56.php,Î´¼ì²âµ½²¡¶¾,2025-04-15 15:43:12
../test_data/test_data\php\w1_dama_57.php,Î´¼ì²âµ½²¡¶¾,2025-04-15 15:43:12
../test_data/test_data\php\w1_dama_58.php,Î´¼ì²âµ½²¡¶¾,2025-04-15 15:43:12
../test_data/test_data\php\w1_dama_59.php,Î´¼ì²âµ½²¡¶¾,2025-04-15 15:43:12
../test_data/test_data\php\w1_dama_6.txt,Î´¼ì²âµ½²¡¶¾,2025-04-15 15:43:12
../test_data/test_data\php\w1_dama_60.php,Î´¼ì²âµ½²¡¶¾,2025-04-15 15:43:12
../test_data/test_data\php\w1_dama_61.php,Î´¼ì²âµ½²¡¶¾,2025-04-15 15:43:12
../test_data/test_data\php\w1_dama_62.php,Î´¼ì²âµ½²¡¶¾,2025-04-15 15:43:12
../test_data/test_data\php\w1_dama_63.php,Î´¼ì²âµ½²¡¶¾,2025-04-15 15:43:12
../test_data/test_data\php\w1_dama_64.txt,Î´¼ì²âµ½²¡¶¾,2025-04-15 15:43:12
../test_data/test_data\php\w1_dama_65.php,Î´¼ì²âµ½²¡¶¾,2025-04-15 15:43:12
../test_data/test_data\php\w1_dama_66.php,Î´¼ì²âµ½²¡¶¾,2025-04-15 15:43:12
../test_data/test_data\php\w1_dama_67.php,Î´¼ì²âµ½²¡¶¾,2025-04-15 15:43:12
../test_data/test_data\php\w1_dama_68.php,Î´¼ì²âµ½²¡¶¾,2025-04-15 15:43:12
../test_data/test_data\php\w1_dama_69.php,Î´¼ì²âµ½²¡¶¾,2025-04-15 15:43:12
../test_data/test_data\php\w1_dama_7.txt,Î´¼ì²âµ½²¡¶¾,2025-04-15 15:43:12
../test_data/test_data\php\w1_dama_70.php,Î´¼ì²âµ½²¡¶¾,2025-04-15 15:43:12
../test_data/test_data\php\w1_dama_71.php,Î´¼ì²âµ½²¡¶¾,2025-04-15 15:43:12
../test_data/test_data\php\w1_dama_72.php,Î´¼ì²âµ½²¡¶¾,2025-04-15 15:43:12
../test_data/test_data\php\w1_dama_73.php,Î´¼ì²âµ½²¡¶¾,2025-04-15 15:43:12
../test_data/test_data\php\w1_dama_74.php,Î´¼ì²âµ½²¡¶¾,2025-04-15 15:43:12
../test_data/test_data\php\w1_dama_75.php,Î´¼ì²âµ½²¡¶¾,2025-04-15 15:43:12
../test_data/test_data\php\w1_dama_76.php,Î´¼ì²âµ½²¡¶¾,2025-04-15 15:43:12
../test_data/test_data\php\w1_dama_77.php,Î´¼ì²âµ½²¡¶¾,2025-04-15 15:43:12
../test_data/test_data\php\w1_dama_78.php,Î´¼ì²âµ½²¡¶¾,2025-04-15 15:43:12
../test_data/test_data\php\w1_dama_79.php,Î´¼ì²âµ½²¡¶¾,2025-04-15 15:43:12
../test_data/test_data\php\w1_dama_8.txt,Î´¼ì²âµ½²¡¶¾,2025-04-15 15:43:12
../test_data/test_data\php\w1_dama_80.php,Î´¼ì²âµ½²¡¶¾,2025-04-15 15:43:12
../test_data/test_data\php\w1_dama_81.php,Î´¼ì²âµ½²¡¶¾,2025-04-15 15:43:12
../test_data/test_data\php\w1_dama_82.php,¼ì²âµ½¿ÉÒÉÐÐÎª,2025-04-15 15:43:12
../test_data/test_data\php\w1_dama_83.php,Î´¼ì²âµ½²¡¶¾,2025-04-15 15:43:12
../test_data/test_data\php\w1_dama_84.php,Î´¼ì²âµ½²¡¶¾,2025-04-15 15:43:12
../test_data/test_data\php\w1_dama_85.txt,Î´¼ì²âµ½²¡¶¾,2025-04-15 15:43:12
../test_data/test_data\php\w1_dama_86.php,Î´¼ì²âµ½²¡¶¾,2025-04-15 15:43:12
../test_data/test_data\php\w1_dama_87.txt,Î´¼ì²âµ½²¡¶¾,2025-04-15 15:43:12
../test_data/test_data\php\w1_dama_88.txt,Î´¼ì²âµ½²¡¶¾,2025-04-15 15:43:12
../test_data/test_data\php\w1_dama_89.php,Î´¼ì²âµ½²¡¶¾,2025-04-15 15:43:12
../test_data/test_data\php\w1_dama_9.txt,Î´¼ì²âµ½²¡¶¾,2025-04-15 15:43:12
../test_data/test_data\php\w1_dama_90.txt,Î´¼ì²âµ½²¡¶¾,2025-04-15 15:43:12
../test_data/test_data\php\w1_dama_91.txt,Î´¼ì²âµ½²¡¶¾,2025-04-15 15:43:12
../test_data/test_data\php\w1_dama_92.php,Î´¼ì²âµ½²¡¶¾,2025-04-15 15:43:12
../test_data/test_data\php\w1_dama_93.php,Î´¼ì²âµ½²¡¶¾,2025-04-15 15:43:12
../test_data/test_data\php\w1_dama_94.txt,Î´¼ì²âµ½²¡¶¾,2025-04-15 15:43:12
../test_data/test_data\php\w1_dama_95.php,Î´¼ì²âµ½²¡¶¾,2025-04-15 15:43:12
../test_data/test_data\php\w1_dama_96.php,¼ì²âµ½¿ÉÒÉÐÐÎª,2025-04-15 15:43:12
../test_data/test_data\php\w1_dama_97.txt,Î´¼ì²âµ½²¡¶¾,2025-04-15 15:43:12
../test_data/test_data\php\w1_dama_98.txt,Î´¼ì²âµ½²¡¶¾,2025-04-15 15:43:12
../test_data/test_data\php\w1_dama_99.php,Î´¼ì²âµ½²¡¶¾,2025-04-15 15:43:12
../test_data/test_data\php\w1_upload_1.php,Î´¼ì²âµ½²¡¶¾,2025-04-15 15:43:12
../test_data/test_data\php\w1_upload_10.php,Î´¼ì²âµ½²¡¶¾,2025-04-15 15:43:12
../test_data/test_data\php\w1_upload_11.php,Î´¼ì²âµ½²¡¶¾,2025-04-15 15:43:12
../test_data/test_data\php\w1_upload_12.php,Î´¼ì²âµ½²¡¶¾,2025-04-15 15:43:12
../test_data/test_data\php\w1_upload_13.php,Î´¼ì²âµ½²¡¶¾,2025-04-15 15:43:12
../test_data/test_data\php\w1_upload_14.php,Î´¼ì²âµ½²¡¶¾,2025-04-15 15:43:12
../test_data/test_data\php\w1_upload_2.txt,Î´¼ì²âµ½²¡¶¾,2025-04-15 15:43:12
../test_data/test_data\php\w1_upload_3.txt,Î´¼ì²âµ½²¡¶¾,2025-04-15 15:43:12
../test_data/test_data\php\w1_upload_4.txt,Î´¼ì²âµ½²¡¶¾,2025-04-15 15:43:12
../test_data/test_data\php\w1_upload_5.txt,Î´¼ì²âµ½²¡¶¾,2025-04-15 15:43:12
../test_data/test_data\php\w1_upload_6.txt,Î´¼ì²âµ½²¡¶¾,2025-04-15 15:43:12
../test_data/test_data\php\w1_upload_7.txt,Î´¼ì²âµ½²¡¶¾,2025-04-15 15:43:12
../test_data/test_data\php\w1_upload_8.txt,Î´¼ì²âµ½²¡¶¾,2025-04-15 15:43:12
../test_data/test_data\php\w1_upload_9.txt,Î´¼ì²âµ½²¡¶¾,2025-04-15 15:43:12
../test_data/test_data\php\w2_cmd_1.php,Î´¼ì²âµ½²¡¶¾,2025-04-15 15:43:12
../test_data/test_data\php\w2_cmd_10.php,Î´¼ì²âµ½²¡¶¾,2025-04-15 15:43:12
../test_data/test_data\php\w2_cmd_100.php,Î´¼ì²âµ½²¡¶¾,2025-04-15 15:43:12
../test_data/test_data\php\w2_cmd_101.php,Î´¼ì²âµ½²¡¶¾,2025-04-15 15:43:12
../test_data/test_data\php\w2_cmd_102.php,Î´¼ì²âµ½²¡¶¾,2025-04-15 15:43:12
../test_data/test_data\php\w2_cmd_103.php,Î´¼ì²âµ½²¡¶¾,2025-04-15 15:43:12
../test_data/test_data\php\w2_cmd_104.php,Î´¼ì²âµ½²¡¶¾,2025-04-15 15:43:12
../test_data/test_data\php\w2_cmd_105.php,Î´¼ì²âµ½²¡¶¾,2025-04-15 15:43:12
../test_data/test_data\php\w2_cmd_106.php,Î´¼ì²âµ½²¡¶¾,2025-04-15 15:43:12
../test_data/test_data\php\w2_cmd_107.php,Î´¼ì²âµ½²¡¶¾,2025-04-15 15:43:12
../test_data/test_data\php\w2_cmd_108.php,Î´¼ì²âµ½²¡¶¾,2025-04-15 15:43:12
../test_data/test_data\php\w2_cmd_109.php,Î´¼ì²âµ½²¡¶¾,2025-04-15 15:43:12
../test_data/test_data\php\w2_cmd_11.php,Î´¼ì²âµ½²¡¶¾,2025-04-15 15:43:12
../test_data/test_data\php\w2_cmd_110.php,Î´¼ì²âµ½²¡¶¾,2025-04-15 15:43:12
../test_data/test_data\php\w2_cmd_111.php,Î´¼ì²âµ½²¡¶¾,2025-04-15 15:43:12
../test_data/test_data\php\w2_cmd_112.php,Î´¼ì²âµ½²¡¶¾,2025-04-15 15:43:12
../test_data/test_data\php\w2_cmd_113.php,Î´¼ì²âµ½²¡¶¾,2025-04-15 15:43:12
../test_data/test_data\php\w2_cmd_114.php,Î´¼ì²âµ½²¡¶¾,2025-04-15 15:43:12
../test_data/test_data\php\w2_cmd_115.php,Î´¼ì²âµ½²¡¶¾,2025-04-15 15:43:12
../test_data/test_data\php\w2_cmd_116.php,Î´¼ì²âµ½²¡¶¾,2025-04-15 15:43:12
../test_data/test_data\php\w2_cmd_117.php,Î´¼ì²âµ½²¡¶¾,2025-04-15 15:43:12
../test_data/test_data\php\w2_cmd_119.php,Î´¼ì²âµ½²¡¶¾,2025-04-15 15:43:12
../test_data/test_data\php\w2_cmd_12.php,Î´¼ì²âµ½²¡¶¾,2025-04-15 15:43:12
../test_data/test_data\php\w2_cmd_120.php,Î´¼ì²âµ½²¡¶¾,2025-04-15 15:43:12
../test_data/test_data\php\w2_cmd_121.php,Î´¼ì²âµ½²¡¶¾,2025-04-15 15:43:12
../test_data/test_data\php\w2_cmd_122.php,Î´¼ì²âµ½²¡¶¾,2025-04-15 15:43:12
../test_data/test_data\php\w2_cmd_123.php,Î´¼ì²âµ½²¡¶¾,2025-04-15 15:43:12
../test_data/test_data\php\w2_cmd_124.php,Î´¼ì²âµ½²¡¶¾,2025-04-15 15:43:12
../test_data/test_data\php\w2_cmd_125.php,Î´¼ì²âµ½²¡¶¾,2025-04-15 15:43:12
../test_data/test_data\php\w2_cmd_126.php,Î´¼ì²âµ½²¡¶¾,2025-04-15 15:43:12
../test_data/test_data\php\w2_cmd_128.php,Î´¼ì²âµ½²¡¶¾,2025-04-15 15:43:12
../test_data/test_data\php\w2_cmd_129.php,Î´¼ì²âµ½²¡¶¾,2025-04-15 15:43:12
../test_data/test_data\php\w2_cmd_13.php,Î´¼ì²âµ½²¡¶¾,2025-04-15 15:43:12
../test_data/test_data\php\w2_cmd_130.php,Î´¼ì²âµ½²¡¶¾,2025-04-15 15:43:12
../test_data/test_data\php\w2_cmd_131.php,Î´¼ì²âµ½²¡¶¾,2025-04-15 15:43:12
../test_data/test_data\php\w2_cmd_132.php,Î´¼ì²âµ½²¡¶¾,2025-04-15 15:43:12
../test_data/test_data\php\w2_cmd_135.php,Î´¼ì²âµ½²¡¶¾,2025-04-15 15:43:12
../test_data/test_data\php\w2_cmd_136.php,Î´¼ì²âµ½²¡¶¾,2025-04-15 15:43:12
../test_data/test_data\php\w2_cmd_14.php,Î´¼ì²âµ½²¡¶¾,2025-04-15 15:43:12
../test_data/test_data\php\w2_cmd_15.php,Î´¼ì²âµ½²¡¶¾,2025-04-15 15:43:12
../test_data/test_data\php\w2_cmd_16.php,Î´¼ì²âµ½²¡¶¾,2025-04-15 15:43:12
../test_data/test_data\php\w2_cmd_17.php,Î´¼ì²âµ½²¡¶¾,2025-04-15 15:43:12
../test_data/test_data\php\w2_cmd_18.php,Î´¼ì²âµ½²¡¶¾,2025-04-15 15:43:12
../test_data/test_data\php\w2_cmd_19.php,Î´¼ì²âµ½²¡¶¾,2025-04-15 15:43:12
../test_data/test_data\php\w2_cmd_2.php,Î´¼ì²âµ½²¡¶¾,2025-04-15 15:43:12
../test_data/test_data\php\w2_cmd_21.php,Î´¼ì²âµ½²¡¶¾,2025-04-15 15:43:12
../test_data/test_data\php\w2_cmd_22.php,Î´¼ì²âµ½²¡¶¾,2025-04-15 15:43:12
../test_data/test_data\php\w2_cmd_23.php,Î´¼ì²âµ½²¡¶¾,2025-04-15 15:43:12
../test_data/test_data\php\w2_cmd_24.php,Î´¼ì²âµ½²¡¶¾,2025-04-15 15:43:12
../test_data/test_data\php\w2_cmd_25.php,Î´¼ì²âµ½²¡¶¾,2025-04-15 15:43:12
../test_data/test_data\php\w2_cmd_27.php,Î´¼ì²âµ½²¡¶¾,2025-04-15 15:43:12
../test_data/test_data\php\w2_cmd_29.php,Î´¼ì²âµ½²¡¶¾,2025-04-15 15:43:12
../test_data/test_data\php\w2_cmd_3.php,Î´¼ì²âµ½²¡¶¾,2025-04-15 15:43:12
../test_data/test_data\php\w2_cmd_30.php,Î´¼ì²âµ½²¡¶¾,2025-04-15 15:43:12
../test_data/test_data\php\w2_cmd_31.php,Î´¼ì²âµ½²¡¶¾,2025-04-15 15:43:12
../test_data/test_data\php\w2_cmd_32.php,Î´¼ì²âµ½²¡¶¾,2025-04-15 15:43:12
../test_data/test_data\php\w2_cmd_33.php,Î´¼ì²âµ½²¡¶¾,2025-04-15 15:43:12
../test_data/test_data\php\w2_cmd_34.php,Î´¼ì²âµ½²¡¶¾,2025-04-15 15:43:12
../test_data/test_data\php\w2_cmd_35.php,Î´¼ì²âµ½²¡¶¾,2025-04-15 15:43:12
../test_data/test_data\php\w2_cmd_36.php,Î´¼ì²âµ½²¡¶¾,2025-04-15 15:43:12
../test_data/test_data\php\w2_cmd_37.php,Î´¼ì²âµ½²¡¶¾,2025-04-15 15:43:12
../test_data/test_data\php\w2_cmd_38.php,Î´¼ì²âµ½²¡¶¾,2025-04-15 15:43:12
../test_data/test_data\php\w2_cmd_39.php,Î´¼ì²âµ½²¡¶¾,2025-04-15 15:43:12
../test_data/test_data\php\w2_cmd_4.php,Î´¼ì²âµ½²¡¶¾,2025-04-15 15:43:12
../test_data/test_data\php\w2_cmd_40.php,Î´¼ì²âµ½²¡¶¾,2025-04-15 15:43:12
../test_data/test_data\php\w2_cmd_41.php,Î´¼ì²âµ½²¡¶¾,2025-04-15 15:43:12
../test_data/test_data\php\w2_cmd_42.php,Î´¼ì²âµ½²¡¶¾,2025-04-15 15:43:12
../test_data/test_data\php\w2_cmd_43.php,Î´¼ì²âµ½²¡¶¾,2025-04-15 15:43:12
../test_data/test_data\php\w2_cmd_44.php,Î´¼ì²âµ½²¡¶¾,2025-04-15 15:43:12
../test_data/test_data\php\w2_cmd_45.php,Î´¼ì²âµ½²¡¶¾,2025-04-15 15:43:12
../test_data/test_data\php\w2_cmd_46.php,Î´¼ì²âµ½²¡¶¾,2025-04-15 15:43:12
../test_data/test_data\php\w2_cmd_47.php,Î´¼ì²âµ½²¡¶¾,2025-04-15 15:43:12
../test_data/test_data\php\w2_cmd_48.php,Î´¼ì²âµ½²¡¶¾,2025-04-15 15:43:12
../test_data/test_data\php\w2_cmd_49.php,Î´¼ì²âµ½²¡¶¾,2025-04-15 15:43:12
../test_data/test_data\php\w2_cmd_5.php,Î´¼ì²âµ½²¡¶¾,2025-04-15 15:43:12
../test_data/test_data\php\w2_cmd_50.php,Î´¼ì²âµ½²¡¶¾,2025-04-15 15:43:12
../test_data/test_data\php\w2_cmd_51.php,Î´¼ì²âµ½²¡¶¾,2025-04-15 15:43:12
../test_data/test_data\php\w2_cmd_52.php,Î´¼ì²âµ½²¡¶¾,2025-04-15 15:43:12
../test_data/test_data\php\w2_cmd_53.php,Î´¼ì²âµ½²¡¶¾,2025-04-15 15:43:12
../test_data/test_data\php\w2_cmd_54.php,Î´¼ì²âµ½²¡¶¾,2025-04-15 15:43:12
../test_data/test_data\php\w2_cmd_55.php,Î´¼ì²âµ½²¡¶¾,2025-04-15 15:43:12
../test_data/test_data\php\w2_cmd_56.php,Î´¼ì²âµ½²¡¶¾,2025-04-15 15:43:12
../test_data/test_data\php\w2_cmd_58.php,Î´¼ì²âµ½²¡¶¾,2025-04-15 15:43:12
../test_data/test_data\php\w2_cmd_59.php,Î´¼ì²âµ½²¡¶¾,2025-04-15 15:43:12
../test_data/test_data\php\w2_cmd_6.php,Î´¼ì²âµ½²¡¶¾,2025-04-15 15:43:12
../test_data/test_data\php\w2_cmd_60.php,Î´¼ì²âµ½²¡¶¾,2025-04-15 15:43:12
../test_data/test_data\php\w2_cmd_61.php,Î´¼ì²âµ½²¡¶¾,2025-04-15 15:43:12
../test_data/test_data\php\w2_cmd_62.php,Î´¼ì²âµ½²¡¶¾,2025-04-15 15:43:12
../test_data/test_data\php\w2_cmd_63.php,Î´¼ì²âµ½²¡¶¾,2025-04-15 15:43:12
../test_data/test_data\php\w2_cmd_64.php,Î´¼ì²âµ½²¡¶¾,2025-04-15 15:43:12
../test_data/test_data\php\w2_cmd_65.php,Î´¼ì²âµ½²¡¶¾,2025-04-15 15:43:12
../test_data/test_data\php\w2_cmd_66.php,Î´¼ì²âµ½²¡¶¾,2025-04-15 15:43:12
../test_data/test_data\php\w2_cmd_67.php,Î´¼ì²âµ½²¡¶¾,2025-04-15 15:43:12
../test_data/test_data\php\w2_cmd_68.php,Î´¼ì²âµ½²¡¶¾,2025-04-15 15:43:12
../test_data/test_data\php\w2_cmd_69.php,Î´¼ì²âµ½²¡¶¾,2025-04-15 15:43:12
../test_data/test_data\php\w2_cmd_7.php,Î´¼ì²âµ½²¡¶¾,2025-04-15 15:43:12
../test_data/test_data\php\w2_cmd_70.php,Î´¼ì²âµ½²¡¶¾,2025-04-15 15:43:12
../test_data/test_data\php\w2_cmd_71.php,Î´¼ì²âµ½²¡¶¾,2025-04-15 15:43:12
../test_data/test_data\php\w2_cmd_72.php,Î´¼ì²âµ½²¡¶¾,2025-04-15 15:43:12
../test_data/test_data\php\w2_cmd_73.php,Î´¼ì²âµ½²¡¶¾,2025-04-15 15:43:12
../test_data/test_data\php\w2_cmd_74.php,Î´¼ì²âµ½²¡¶¾,2025-04-15 15:43:12
../test_data/test_data\php\w2_cmd_75.php,Î´¼ì²âµ½²¡¶¾,2025-04-15 15:43:12
../test_data/test_data\php\w2_cmd_76.php,Î´¼ì²âµ½²¡¶¾,2025-04-15 15:43:12
../test_data/test_data\php\w2_cmd_77.php,Î´¼ì²âµ½²¡¶¾,2025-04-15 15:43:12
../test_data/test_data\php\w2_cmd_78.php,Î´¼ì²âµ½²¡¶¾,2025-04-15 15:43:12
../test_data/test_data\php\w2_cmd_79.php,Î´¼ì²âµ½²¡¶¾,2025-04-15 15:43:12
../test_data/test_data\php\w2_cmd_8.php,Î´¼ì²âµ½²¡¶¾,2025-04-15 15:43:12
../test_data/test_data\php\w2_cmd_80.php,Î´¼ì²âµ½²¡¶¾,2025-04-15 15:43:12
../test_data/test_data\php\w2_cmd_81.php,Î´¼ì²âµ½²¡¶¾,2025-04-15 15:43:12
../test_data/test_data\php\w2_cmd_82.php,Î´¼ì²âµ½²¡¶¾,2025-04-15 15:43:12
../test_data/test_data\php\w2_cmd_83.php,Î´¼ì²âµ½²¡¶¾,2025-04-15 15:43:12
../test_data/test_data\php\w2_cmd_84.php,Î´¼ì²âµ½²¡¶¾,2025-04-15 15:43:12
../test_data/test_data\php\w2_cmd_85.php,Î´¼ì²âµ½²¡¶¾,2025-04-15 15:43:12
../test_data/test_data\php\w2_cmd_86.php,Î´¼ì²âµ½²¡¶¾,2025-04-15 15:43:12
../test_data/test_data\php\w2_cmd_87.php,Î´¼ì²âµ½²¡¶¾,2025-04-15 15:43:12
../test_data/test_data\php\w2_cmd_88.php,Î´¼ì²âµ½²¡¶¾,2025-04-15 15:43:12
../test_data/test_data\php\w2_cmd_89.php,Î´¼ì²âµ½²¡¶¾,2025-04-15 15:43:12
../test_data/test_data\php\w2_cmd_9.php,Î´¼ì²âµ½²¡¶¾,2025-04-15 15:43:12
../test_data/test_data\php\w2_cmd_90.php,Î´¼ì²âµ½²¡¶¾,2025-04-15 15:43:12
../test_data/test_data\php\w2_cmd_91.php,Î´¼ì²âµ½²¡¶¾,2025-04-15 15:43:12
../test_data/test_data\php\w2_cmd_92.php,Î´¼ì²âµ½²¡¶¾,2025-04-15 15:43:12
../test_data/test_data\php\w2_cmd_93.php,Î´¼ì²âµ½²¡¶¾,2025-04-15 15:43:12
../test_data/test_data\php\w2_cmd_94.php,Î´¼ì²âµ½²¡¶¾,2025-04-15 15:43:12
../test_data/test_data\php\w2_cmd_95.php,Î´¼ì²âµ½²¡¶¾,2025-04-15 15:43:12
../test_data/test_data\php\w2_cmd_96.php,Î´¼ì²âµ½²¡¶¾,2025-04-15 15:43:12
../test_data/test_data\php\w2_cmd_97.php,Î´¼ì²âµ½²¡¶¾,2025-04-15 15:43:12
../test_data/test_data\php\w2_cmd_98.php,Î´¼ì²âµ½²¡¶¾,2025-04-15 15:43:12
../test_data/test_data\php\w2_cmd_99.php,Î´¼ì²âµ½²¡¶¾,2025-04-15 15:43:12
../test_data/test_data\php\w2_dama_1.php,¼ì²âµ½¿ÉÒÉÐÐÎª,2025-04-15 15:43:12
../test_data/test_data\php\w2_dama_10.php,Î´¼ì²âµ½²¡¶¾,2025-04-15 15:43:12
../test_data/test_data\php\w2_dama_100.php,Î´¼ì²âµ½²¡¶¾,2025-04-15 15:43:12
../test_data/test_data\php\w2_dama_101.php,Î´¼ì²âµ½²¡¶¾,2025-04-15 15:43:12
../test_data/test_data\php\w2_dama_102.php,Î´¼ì²âµ½²¡¶¾,2025-04-15 15:43:12
../test_data/test_data\php\w2_dama_103.php,Î´¼ì²âµ½²¡¶¾,2025-04-15 15:43:12
../test_data/test_data\php\w2_dama_104.php,Î´¼ì²âµ½²¡¶¾,2025-04-15 15:43:12
../test_data/test_data\php\w2_dama_105.php,Î´¼ì²âµ½²¡¶¾,2025-04-15 15:43:12
../test_data/test_data\php\w2_dama_106.php,Î´¼ì²âµ½²¡¶¾,2025-04-15 15:43:12
../test_data/test_data\php\w2_dama_107.php,Î´¼ì²âµ½²¡¶¾,2025-04-15 15:43:12
../test_data/test_data\php\w2_dama_108.php,Î´¼ì²âµ½²¡¶¾,2025-04-15 15:43:12
../test_data/test_data\php\w2_dama_109.php,Î´¼ì²âµ½²¡¶¾,2025-04-15 15:43:12
../test_data/test_data\php\w2_dama_11.php,Î´¼ì²âµ½²¡¶¾,2025-04-15 15:43:12
../test_data/test_data\php\w2_dama_110.php,Î´¼ì²âµ½²¡¶¾,2025-04-15 15:43:12
../test_data/test_data\php\w2_dama_112.php,¼ì²âµ½¿ÉÒÉÐÐÎª,2025-04-15 15:43:12
../test_data/test_data\php\w2_dama_113.php,Î´¼ì²âµ½²¡¶¾,2025-04-15 15:43:12
../test_data/test_data\php\w2_dama_114.php,Î´¼ì²âµ½²¡¶¾,2025-04-15 15:43:12
../test_data/test_data\php\w2_dama_115.php,Î´¼ì²âµ½²¡¶¾,2025-04-15 15:43:12
../test_data/test_data\php\w2_dama_116.php,Î´¼ì²âµ½²¡¶¾,2025-04-15 15:43:12
../test_data/test_data\php\w2_dama_117.php,Î´¼ì²âµ½²¡¶¾,2025-04-15 15:43:12
../test_data/test_data\php\w2_dama_118.php,Î´¼ì²âµ½²¡¶¾,2025-04-15 15:43:12
../test_data/test_data\php\w2_dama_119.php,Î´¼ì²âµ½²¡¶¾,2025-04-15 15:43:12
../test_data/test_data\php\w2_dama_12.php,Î´¼ì²âµ½²¡¶¾,2025-04-15 15:43:12
../test_data/test_data\php\w2_dama_120.php,Î´¼ì²âµ½²¡¶¾,2025-04-15 15:43:12
../test_data/test_data\php\w2_dama_121.php,Î´¼ì²âµ½²¡¶¾,2025-04-15 15:43:12
../test_data/test_data\php\w2_dama_122.php,Î´¼ì²âµ½²¡¶¾,2025-04-15 15:43:12
../test_data/test_data\php\w2_dama_123.php,Î´¼ì²âµ½²¡¶¾,2025-04-15 15:43:12
../test_data/test_data\php\w2_dama_124.php,Î´¼ì²âµ½²¡¶¾,2025-04-15 15:43:12
../test_data/test_data\php\w2_dama_125.php,Î´¼ì²âµ½²¡¶¾,2025-04-15 15:43:12
../test_data/test_data\php\w2_dama_126.php,Î´¼ì²âµ½²¡¶¾,2025-04-15 15:43:12
../test_data/test_data\php\w2_dama_127.php,Î´¼ì²âµ½²¡¶¾,2025-04-15 15:43:12
../test_data/test_data\php\w2_dama_128.php,Î´¼ì²âµ½²¡¶¾,2025-04-15 15:43:12
../test_data/test_data\php\w2_dama_129.php,Î´¼ì²âµ½²¡¶¾,2025-04-15 15:43:12
../test_data/test_data\php\w2_dama_13.php,Î´¼ì²âµ½²¡¶¾,2025-04-15 15:43:12
../test_data/test_data\php\w2_dama_130.php,Î´¼ì²âµ½²¡¶¾,2025-04-15 15:43:12
../test_data/test_data\php\w2_dama_131.php,Î´¼ì²âµ½²¡¶¾,2025-04-15 15:43:12
../test_data/test_data\php\w2_dama_132.php,Î´¼ì²âµ½²¡¶¾,2025-04-15 15:43:12
../test_data/test_data\php\w2_dama_133.php,Î´¼ì²âµ½²¡¶¾,2025-04-15 15:43:12
../test_data/test_data\php\w2_dama_134.php,Î´¼ì²âµ½²¡¶¾,2025-04-15 15:43:12
../test_data/test_data\php\w2_dama_135.php,Î´¼ì²âµ½²¡¶¾,2025-04-15 15:43:12
../test_data/test_data\php\w2_dama_136.php,Î´¼ì²âµ½²¡¶¾,2025-04-15 15:43:12
../test_data/test_data\php\w2_dama_137.php,Î´¼ì²âµ½²¡¶¾,2025-04-15 15:43:12
../test_data/test_data\php\w2_dama_138.php,Î´¼ì²âµ½²¡¶¾,2025-04-15 15:43:12
../test_data/test_data\php\w2_dama_139.php,Î´¼ì²âµ½²¡¶¾,2025-04-15 15:43:12
../test_data/test_data\php\w2_dama_14.php,Î´¼ì²âµ½²¡¶¾,2025-04-15 15:43:12
../test_data/test_data\php\w2_dama_140.php,¼ì²âµ½¿ÉÒÉÐÐÎª,2025-04-15 15:43:12
../test_data/test_data\php\w2_dama_141.php,Î´¼ì²âµ½²¡¶¾,2025-04-15 15:43:12
../test_data/test_data\php\w2_dama_142.php,Î´¼ì²âµ½²¡¶¾,2025-04-15 15:43:12
../test_data/test_data\php\w2_dama_143.php,Î´¼ì²âµ½²¡¶¾,2025-04-15 15:43:12
../test_data/test_data\php\w2_dama_144.php,Î´¼ì²âµ½²¡¶¾,2025-04-15 15:43:12
../test_data/test_data\php\w2_dama_145.php,Î´¼ì²âµ½²¡¶¾,2025-04-15 15:43:12
../test_data/test_data\php\w2_dama_146.php,Î´¼ì²âµ½²¡¶¾,2025-04-15 15:43:12
../test_data/test_data\php\w2_dama_147.php,Î´¼ì²âµ½²¡¶¾,2025-04-15 15:43:12
../test_data/test_data\php\w2_dama_148.php,Î´¼ì²âµ½²¡¶¾,2025-04-15 15:43:12
../test_data/test_data\php\w2_dama_149.php,Î´¼ì²âµ½²¡¶¾,2025-04-15 15:43:12
../test_data/test_data\php\w2_dama_15.php,Î´¼ì²âµ½²¡¶¾,2025-04-15 15:43:12
../test_data/test_data\php\w2_dama_150.php,Î´¼ì²âµ½²¡¶¾,2025-04-15 15:43:12
../test_data/test_data\php\w2_dama_16.php,¼ì²âµ½¿ÉÒÉÐÐÎª,2025-04-15 15:43:12
../test_data/test_data\php\w2_dama_17.php,Î´¼ì²âµ½²¡¶¾,2025-04-15 15:43:12
../test_data/test_data\php\w2_dama_18.php,¼ì²âµ½¿ÉÒÉÐÐÎª,2025-04-15 15:43:12
../test_data/test_data\php\w2_dama_19.php,Î´¼ì²âµ½²¡¶¾,2025-04-15 15:43:12
../test_data/test_data\php\w2_dama_2.php,Î´¼ì²âµ½²¡¶¾,2025-04-15 15:43:12
../test_data/test_data\php\w2_dama_20.php,Î´¼ì²âµ½²¡¶¾,2025-04-15 15:43:12
../test_data/test_data\php\w2_dama_21.php,Î´¼ì²âµ½²¡¶¾,2025-04-15 15:43:12
../test_data/test_data\php\w2_dama_22.php,Î´¼ì²âµ½²¡¶¾,2025-04-15 15:43:12
../test_data/test_data\php\w2_dama_23.php,Î´¼ì²âµ½²¡¶¾,2025-04-15 15:43:12
../test_data/test_data\php\w2_dama_24.php,Î´¼ì²âµ½²¡¶¾,2025-04-15 15:43:12
../test_data/test_data\php\w2_dama_25.php,Î´¼ì²âµ½²¡¶¾,2025-04-15 15:43:12
../test_data/test_data\php\w2_dama_26.php,Î´¼ì²âµ½²¡¶¾,2025-04-15 15:43:12
../test_data/test_data\php\w2_dama_27.php,Î´¼ì²âµ½²¡¶¾,2025-04-15 15:43:12
../test_data/test_data\php\w2_dama_28.php,Î´¼ì²âµ½²¡¶¾,2025-04-15 15:43:12
../test_data/test_data\php\w2_dama_29.php,Î´¼ì²âµ½²¡¶¾,2025-04-15 15:43:12
../test_data/test_data\php\w2_dama_30.php,Î´¼ì²âµ½²¡¶¾,2025-04-15 15:43:12
../test_data/test_data\php\w2_dama_31.php,Î´¼ì²âµ½²¡¶¾,2025-04-15 15:43:12
../test_data/test_data\php\w2_dama_32.php,Î´¼ì²âµ½²¡¶¾,2025-04-15 15:43:12
../test_data/test_data\php\w2_dama_33.php,Î´¼ì²âµ½²¡¶¾,2025-04-15 15:43:12
../test_data/test_data\php\w2_dama_34.php,Î´¼ì²âµ½²¡¶¾,2025-04-15 15:43:12
../test_data/test_data\php\w2_dama_35.php,Î´¼ì²âµ½²¡¶¾,2025-04-15 15:43:12
../test_data/test_data\php\w2_dama_36.php,Î´¼ì²âµ½²¡¶¾,2025-04-15 15:43:12
../test_data/test_data\php\w2_dama_37.php,Î´¼ì²âµ½²¡¶¾,2025-04-15 15:43:12
../test_data/test_data\php\w2_dama_38.php,Î´¼ì²âµ½²¡¶¾,2025-04-15 15:43:12
../test_data/test_data\php\w2_dama_39.php,Î´¼ì²âµ½²¡¶¾,2025-04-15 15:43:12
../test_data/test_data\php\w2_dama_4.php,Î´¼ì²âµ½²¡¶¾,2025-04-15 15:43:12
../test_data/test_data\php\w2_dama_40.php,Î´¼ì²âµ½²¡¶¾,2025-04-15 15:43:12
../test_data/test_data\php\w2_dama_41.php,Î´¼ì²âµ½²¡¶¾,2025-04-15 15:43:12
../test_data/test_data\php\w2_dama_42.php,Î´¼ì²âµ½²¡¶¾,2025-04-15 15:43:12
../test_data/test_data\php\w2_dama_43.php,Î´¼ì²âµ½²¡¶¾,2025-04-15 15:43:12
../test_data/test_data\php\w2_dama_44.php,Î´¼ì²âµ½²¡¶¾,2025-04-15 15:43:12
../test_data/test_data\php\w2_dama_45.php,Î´¼ì²âµ½²¡¶¾,2025-04-15 15:43:12
../test_data/test_data\php\w2_dama_46.php,Î´¼ì²âµ½²¡¶¾,2025-04-15 15:43:12
../test_data/test_data\php\w2_dama_47.php,Î´¼ì²âµ½²¡¶¾,2025-04-15 15:43:12
../test_data/test_data\php\w2_dama_48.php,Î´¼ì²âµ½²¡¶¾,2025-04-15 15:43:12
../test_data/test_data\php\w2_dama_49.php,Î´¼ì²âµ½²¡¶¾,2025-04-15 15:43:13
../test_data/test_data\php\w2_dama_5.php,Î´¼ì²âµ½²¡¶¾,2025-04-15 15:43:13
../test_data/test_data\php\w2_dama_50.php,Î´¼ì²âµ½²¡¶¾,2025-04-15 15:43:13
../test_data/test_data\php\w2_dama_51.php,Î´¼ì²âµ½²¡¶¾,2025-04-15 15:43:13
../test_data/test_data\php\w2_dama_52.php,Î´¼ì²âµ½²¡¶¾,2025-04-15 15:43:13
../test_data/test_data\php\w2_dama_53.php,Î´¼ì²âµ½²¡¶¾,2025-04-15 15:43:13
../test_data/test_data\php\w2_dama_54.php,Î´¼ì²âµ½²¡¶¾,2025-04-15 15:43:13
../test_data/test_data\php\w2_dama_55.php,Î´¼ì²âµ½²¡¶¾,2025-04-15 15:43:13
../test_data/test_data\php\w2_dama_56.php,Î´¼ì²âµ½²¡¶¾,2025-04-15 15:43:13
../test_data/test_data\php\w2_dama_57.php,Î´¼ì²âµ½²¡¶¾,2025-04-15 15:43:13
../test_data/test_data\php\w2_dama_58.php,Î´¼ì²âµ½²¡¶¾,2025-04-15 15:43:13
../test_data/test_data\php\w2_dama_59.php,Î´¼ì²âµ½²¡¶¾,2025-04-15 15:43:13
../test_data/test_data\php\w2_dama_6.php,Î´¼ì²âµ½²¡¶¾,2025-04-15 15:43:13
../test_data/test_data\php\w2_dama_60.php,Î´¼ì²âµ½²¡¶¾,2025-04-15 15:43:13
../test_data/test_data\php\w2_dama_61.php,Î´¼ì²âµ½²¡¶¾,2025-04-15 15:43:13
../test_data/test_data\php\w2_dama_62.php,Î´¼ì²âµ½²¡¶¾,2025-04-15 15:43:13
../test_data/test_data\php\w2_dama_63.php,Î´¼ì²âµ½²¡¶¾,2025-04-15 15:43:13
../test_data/test_data\php\w2_dama_64.php,Î´¼ì²âµ½²¡¶¾,2025-04-15 15:43:13
../test_data/test_data\php\w2_dama_65.php,Î´¼ì²âµ½²¡¶¾,2025-04-15 15:43:13
../test_data/test_data\php\w2_dama_66.php,Î´¼ì²âµ½²¡¶¾,2025-04-15 15:43:13
../test_data/test_data\php\w2_dama_67.php,Î´¼ì²âµ½²¡¶¾,2025-04-15 15:43:13
../test_data/test_data\php\w2_dama_68.php,Î´¼ì²âµ½²¡¶¾,2025-04-15 15:43:13
../test_data/test_data\php\w2_dama_69.php,Î´¼ì²âµ½²¡¶¾,2025-04-15 15:43:13
../test_data/test_data\php\w2_dama_7.php,Î´¼ì²âµ½²¡¶¾,2025-04-15 15:43:13
../test_data/test_data\php\w2_dama_78.php,Î´¼ì²âµ½²¡¶¾,2025-04-15 15:43:13
../test_data/test_data\php\w2_dama_79.php,¼ì²âµ½¿ÉÒÉÐÐÎª,2025-04-15 15:43:13
../test_data/test_data\php\w2_dama_8.php,Î´¼ì²âµ½²¡¶¾,2025-04-15 15:43:13
../test_data/test_data\php\w2_dama_80.php,Î´¼ì²âµ½²¡¶¾,2025-04-15 15:43:13
../test_data/test_data\php\w2_dama_81.php,Î´¼ì²âµ½²¡¶¾,2025-04-15 15:43:13
../test_data/test_data\php\w2_dama_82.php,Î´¼ì²âµ½²¡¶¾,2025-04-15 15:43:13
../test_data/test_data\php\w2_dama_83.php,Î´¼ì²âµ½²¡¶¾,2025-04-15 15:43:13
../test_data/test_data\php\w2_dama_84.php,Î´¼ì²âµ½²¡¶¾,2025-04-15 15:43:13
../test_data/test_data\php\w2_dama_85.php,Î´¼ì²âµ½²¡¶¾,2025-04-15 15:43:13
../test_data/test_data\php\w2_dama_86.php,Î´¼ì²âµ½²¡¶¾,2025-04-15 15:43:13
../test_data/test_data\php\w2_dama_87.php,Î´¼ì²âµ½²¡¶¾,2025-04-15 15:43:13
../test_data/test_data\php\w2_dama_88.php,Î´¼ì²âµ½²¡¶¾,2025-04-15 15:43:13
../test_data/test_data\php\w2_dama_89.php,Î´¼ì²âµ½²¡¶¾,2025-04-15 15:43:13
../test_data/test_data\php\w2_dama_9.php,Î´¼ì²âµ½²¡¶¾,2025-04-15 15:43:13
../test_data/test_data\php\w2_dama_90.php,Î´¼ì²âµ½²¡¶¾,2025-04-15 15:43:13
../test_data/test_data\php\w2_dama_91.php,Î´¼ì²âµ½²¡¶¾,2025-04-15 15:43:13
../test_data/test_data\php\w2_dama_92.php,Î´¼ì²âµ½²¡¶¾,2025-04-15 15:43:13
../test_data/test_data\php\w2_dama_93.php,Î´¼ì²âµ½²¡¶¾,2025-04-15 15:43:13
../test_data/test_data\php\w2_dama_94.php,Î´¼ì²âµ½²¡¶¾,2025-04-15 15:43:13
../test_data/test_data\php\w2_dama_95.php,Î´¼ì²âµ½²¡¶¾,2025-04-15 15:43:13
../test_data/test_data\php\w2_dama_96.php,Î´¼ì²âµ½²¡¶¾,2025-04-15 15:43:13
../test_data/test_data\php\w2_dama_97.php,Î´¼ì²âµ½²¡¶¾,2025-04-15 15:43:13
../test_data/test_data\php\w2_dama_98.php,Î´¼ì²âµ½²¡¶¾,2025-04-15 15:43:13
../test_data/test_data\php\w2_dama_99.php,Î´¼ì²âµ½²¡¶¾,2025-04-15 15:43:13
../test_data/test_data\php\w2_upload_1.php,Î´¼ì²âµ½²¡¶¾,2025-04-15 15:43:13
../test_data/test_data\php\w2_upload_11.php,Î´¼ì²âµ½²¡¶¾,2025-04-15 15:43:13
../test_data/test_data\php\w2_upload_12.php,Î´¼ì²âµ½²¡¶¾,2025-04-15 15:43:13
../test_data/test_data\php\w2_upload_13.php,Î´¼ì²âµ½²¡¶¾,2025-04-15 15:43:13
../test_data/test_data\php\w2_upload_14.php,Î´¼ì²âµ½²¡¶¾,2025-04-15 15:43:13
../test_data/test_data\php\w2_upload_15.php,Î´¼ì²âµ½²¡¶¾,2025-04-15 15:43:13
../test_data/test_data\php\w2_upload_16.php,Î´¼ì²âµ½²¡¶¾,2025-04-15 15:43:13
../test_data/test_data\php\w2_upload_17.php,Î´¼ì²âµ½²¡¶¾,2025-04-15 15:43:13
../test_data/test_data\php\w2_upload_18.php,Î´¼ì²âµ½²¡¶¾,2025-04-15 15:43:13
../test_data/test_data\php\w2_upload_19.php,Î´¼ì²âµ½²¡¶¾,2025-04-15 15:43:13
../test_data/test_data\php\w2_upload_2.php,Î´¼ì²âµ½²¡¶¾,2025-04-15 15:43:13
../test_data/test_data\php\w2_upload_20.php,Î´¼ì²âµ½²¡¶¾,2025-04-15 15:43:13
../test_data/test_data\php\w2_upload_21.php,Î´¼ì²âµ½²¡¶¾,2025-04-15 15:43:13
../test_data/test_data\php\w2_upload_22.php,Î´¼ì²âµ½²¡¶¾,2025-04-15 15:43:13
../test_data/test_data\php\w2_upload_23.php,Î´¼ì²âµ½²¡¶¾,2025-04-15 15:43:13
../test_data/test_data\php\w2_upload_24.php,Î´¼ì²âµ½²¡¶¾,2025-04-15 15:43:13
../test_data/test_data\php\w2_upload_25.php,Î´¼ì²âµ½²¡¶¾,2025-04-15 15:43:13
../test_data/test_data\php\w2_upload_26.php,Î´¼ì²âµ½²¡¶¾,2025-04-15 15:43:13
../test_data/test_data\php\w2_upload_27.php,Î´¼ì²âµ½²¡¶¾,2025-04-15 15:43:13
../test_data/test_data\php\w2_upload_28.php,Î´¼ì²âµ½²¡¶¾,2025-04-15 15:43:13
../test_data/test_data\php\w2_upload_29.php,Î´¼ì²âµ½²¡¶¾,2025-04-15 15:43:13
../test_data/test_data\php\w2_upload_3.php,Î´¼ì²âµ½²¡¶¾,2025-04-15 15:43:13
../test_data/test_data\php\w2_upload_30.php,Î´¼ì²âµ½²¡¶¾,2025-04-15 15:43:13
../test_data/test_data\php\w2_upload_31.php,Î´¼ì²âµ½²¡¶¾,2025-04-15 15:43:13
../test_data/test_data\php\w2_upload_32.php,Î´¼ì²âµ½²¡¶¾,2025-04-15 15:43:13
../test_data/test_data\php\w2_upload_33.php,Î´¼ì²âµ½²¡¶¾,2025-04-15 15:43:13
../test_data/test_data\php\w2_upload_34.php,Î´¼ì²âµ½²¡¶¾,2025-04-15 15:43:13
../test_data/test_data\php\w2_upload_35.php,Î´¼ì²âµ½²¡¶¾,2025-04-15 15:43:13
../test_data/test_data\php\w2_upload_36.php,Î´¼ì²âµ½²¡¶¾,2025-04-15 15:43:13
../test_data/test_data\php\w2_upload_37.php,Î´¼ì²âµ½²¡¶¾,2025-04-15 15:43:13
../test_data/test_data\php\w2_upload_38.php,Î´¼ì²âµ½²¡¶¾,2025-04-15 15:43:13
../test_data/test_data\php\w2_upload_39.php,Î´¼ì²âµ½²¡¶¾,2025-04-15 15:43:13
../test_data/test_data\php\w2_upload_4.php,Î´¼ì²âµ½²¡¶¾,2025-04-15 15:43:13
../test_data/test_data\php\w2_upload_40.php,Î´¼ì²âµ½²¡¶¾,2025-04-15 15:43:13
../test_data/test_data\php\w2_upload_41.php,Î´¼ì²âµ½²¡¶¾,2025-04-15 15:43:13
../test_data/test_data\php\w2_upload_42.php,Î´¼ì²âµ½²¡¶¾,2025-04-15 15:43:13
../test_data/test_data\php\w2_upload_43.php,Î´¼ì²âµ½²¡¶¾,2025-04-15 15:43:13
../test_data/test_data\php\w2_upload_44.php,Î´¼ì²âµ½²¡¶¾,2025-04-15 15:43:13
../test_data/test_data\php\w2_upload_5.php,Î´¼ì²âµ½²¡¶¾,2025-04-15 15:43:13
../test_data/test_data\php\w2_upload_6.php,Î´¼ì²âµ½²¡¶¾,2025-04-15 15:43:13
../test_data/test_data\php\w2_upload_7.php,Î´¼ì²âµ½²¡¶¾,2025-04-15 15:43:13
../test_data/test_data\php\w2_upload_8.php,Î´¼ì²âµ½²¡¶¾,2025-04-15 15:43:13
../test_data/test_data\php\w2_upload_9.php,Î´¼ì²âµ½²¡¶¾,2025-04-15 15:43:13
../test_data/test_data\py\1.py,Î´¼ì²âµ½²¡¶¾,2025-04-15 15:43:13
../test_data/test_data\py\2.py,Î´¼ì²âµ½²¡¶¾,2025-04-15 15:43:13
../test_data/test_data\py\3.py,Î´¼ì²âµ½²¡¶¾,2025-04-15 15:43:13
../test_data/test_data\py\4.py,Î´¼ì²âµ½²¡¶¾,2025-04-15 15:43:13
../test_data/test_data\py\5.py,Î´¼ì²âµ½²¡¶¾,2025-04-15 15:43:13
../test_data/test_data\py\test_malware_1.bin,¼ì²âÓÐ²¡¶¾: Virus1,2025-04-15 15:43:13
../test_data/test_data\py\test_malware_2.bin,¼ì²âÓÐ²¡¶¾: Virus6,2025-04-15 15:43:13
../test_data/test_data\py\test_malware_3.bin,¼ì²âÓÐ²¡¶¾: Virus6,2025-04-15 15:43:13
../test_data/test_data\py\test_malware_4.bin,¼ì²âÓÐ²¡¶¾: Virus6,2025-04-15 15:43:13
../test_data/test_data\py\test_malware_5.bat,Î´¼ì²âµ½²¡¶¾,2025-04-15 15:43:13
